{
  "package": "",
  "name": "saumo_da_preprocessing_test1",
  "internal": "demo_service",
  "org": "",
  "group": "",
  "desc": "",
  "href": "",
  "params": [
    {
      "name": "data1",
      "type": "str",
      "desc": "",
      "default": ""
    },
    {
      "name": "data2",
      "type": "str",
      "desc": "",
      "default": ""
    },
    {
      "name": "data3",
      "type": "str[]",
      "desc": "",
      "default": ""
    },
    {
      "name": "data4",
      "type": "str",
      "desc": "",
      "default": ""
    }
  ],
  "returns": [
    {
      "name": "data",
      "type": "str[]"
    }
  ],
  "module": "plugins.modules.users.testuser.mylib_33.adapter"
}